-- Бионит В Деле: демонстрационные данные для public-схемы.
-- После выполнения создайте/свяжите записи Supabase Auth командой `npm run seed:auth`.

begin;

-- Компания и отделы ------------------------------------------------------------
insert into public.companies (
  id, name, legal_name, description, founded_year, employee_count_hint, status
) values (
  '20000000-0000-4000-8000-000000000001',
  'Бионит',
  'Группа компаний «Бионит»',
  'Современное производство ветеринарных препаратов. 35 лет экспертизы, научного подхода и заботы о здоровье животных.',
  1991,
  130,
  'active'
)
on conflict (id) do update set
  name = excluded.name,
  legal_name = excluded.legal_name,
  description = excluded.description,
  founded_year = excluded.founded_year,
  employee_count_hint = excluded.employee_count_hint,
  status = excluded.status;

insert into public.departments (id, company_id, name, code, status) values
  ('21000000-0000-4000-8000-000000000001', '20000000-0000-4000-8000-000000000001', 'Производство', 'PROD', 'active'),
  ('21000000-0000-4000-8000-000000000002', '20000000-0000-4000-8000-000000000001', 'Контроль качества', 'QC', 'active'),
  ('21000000-0000-4000-8000-000000000003', '20000000-0000-4000-8000-000000000001', 'HR и развитие', 'HR', 'active'),
  ('21000000-0000-4000-8000-000000000004', '20000000-0000-4000-8000-000000000001', 'Исследования и разработки', 'RND', 'active'),
  ('21000000-0000-4000-8000-000000000005', '20000000-0000-4000-8000-000000000001', 'Продажи и маркетинг', 'SALES', 'active')
on conflict (id) do update set
  company_id = excluded.company_id,
  name = excluded.name,
  code = excluded.code,
  status = excluded.status;

-- Онбординг -------------------------------------------------------------------
insert into public.onboarding_templates (
  id, company_id, title, description, duration_days, is_default, status
) values (
  '51000000-0000-4000-8000-000000000001',
  '20000000-0000-4000-8000-000000000001',
  'Добро пожаловать в Бионит',
  'Единый трек адаптации: первый день, первая неделя и первый месяц.',
  46,
  true,
  'active'
)
on conflict (id) do update set
  title = excluded.title,
  description = excluded.description,
  duration_days = excluded.duration_days,
  is_default = excluded.is_default,
  status = excluded.status;

insert into public.onboarding_stages (
  id, template_id, title, description, sort_order, day_from, day_to
) values
  ('52000000-0000-4000-8000-000000000001', '51000000-0000-4000-8000-000000000001', 'Первый день', 'Оформление, безопасность и знакомство с командой.', 1, 0, 0),
  ('52000000-0000-4000-8000-000000000002', '51000000-0000-4000-8000-000000000001', 'Первая неделя', 'Погружение в производство и стандарты GMP.', 2, 1, 7),
  ('52000000-0000-4000-8000-000000000003', '51000000-0000-4000-8000-000000000001', 'Первый месяц', 'Самостоятельная работа, обратная связь и итоги адаптации.', 3, 8, 46)
on conflict (id) do update set
  title = excluded.title,
  description = excluded.description,
  sort_order = excluded.sort_order,
  day_from = excluded.day_from,
  day_to = excluded.day_to;

insert into public.onboarding_tasks (
  id, stage_id, title, description, points, due_offset_days, required, sort_order
) values
  ('53000000-0000-4000-8000-000000000001', '52000000-0000-4000-8000-000000000001', 'Познакомиться с наставником', 'Обсудить план первых четырёх недель и каналы связи.', 30, 0, true, 1),
  ('53000000-0000-4000-8000-000000000002', '52000000-0000-4000-8000-000000000001', 'Получить комплект СИЗ', 'Проверить размеры и правила хранения комплекта.', 30, 0, true, 2),
  ('53000000-0000-4000-8000-000000000003', '52000000-0000-4000-8000-000000000001', 'Пройти вводный инструктаж', 'Подтвердить прохождение в приложении.', 50, 0, true, 3),
  ('53000000-0000-4000-8000-000000000004', '52000000-0000-4000-8000-000000000002', 'Изучить структуру компании', 'Познакомиться с отделами и зонами ответственности.', 40, 3, true, 1),
  ('53000000-0000-4000-8000-000000000005', '52000000-0000-4000-8000-000000000002', 'Изучить вводный материал по GMP', 'Прочитать материал и отметить ключевые правила.', 60, 5, true, 2),
  ('53000000-0000-4000-8000-000000000006', '52000000-0000-4000-8000-000000000002', 'Пройти экскурсию по производству', 'Маршрут согласует наставник.', 80, 7, true, 3),
  ('53000000-0000-4000-8000-000000000007', '52000000-0000-4000-8000-000000000003', 'Завершить курс по безопасности', 'Порог прохождения — 90%, доступно три попытки.', 100, 30, true, 1),
  ('53000000-0000-4000-8000-000000000008', '52000000-0000-4000-8000-000000000003', 'Заполнить опрос по адаптации', 'Оценить понятность задач, поддержку и условия работы.', 70, 37, true, 2),
  ('53000000-0000-4000-8000-000000000009', '52000000-0000-4000-8000-000000000003', 'Провести встречу по итогам месяца', 'Зафиксировать результаты и план развития.', 120, 45, true, 3)
on conflict (id) do update set
  title = excluded.title,
  description = excluded.description,
  points = excluded.points,
  due_offset_days = excluded.due_offset_days,
  required = excluded.required,
  sort_order = excluded.sort_order;

insert into public.knowledge_articles (
  id, company_id, title, summary, body, category, read_minutes, sort_order, is_published
) values
  ('54000000-0000-4000-8000-000000000001', '20000000-0000-4000-8000-000000000001', 'Кто мы и зачем работаем', 'Миссия, история и ценности Бионит.', 'Бионит разрабатывает и производит ветеринарные препараты, способствуя здоровью животных и биологическому благополучию общества. Наши опоры — забота, научный подход и гарантированный результат.', 'О компании', 6, 1, true),
  ('54000000-0000-4000-8000-000000000002', '20000000-0000-4000-8000-000000000001', 'GMP простыми словами', 'Почему записи, чистота и дисциплина важны для каждой серии.', 'Выполняйте только утверждённые операции, фиксируйте действия сразу и сообщайте об отклонениях до продолжения процесса.', 'Качество', 8, 2, true),
  ('54000000-0000-4000-8000-000000000003', '20000000-0000-4000-8000-000000000001', 'Безопасность на площадке', 'СИЗ, маршруты и действия при нештатной ситуации.', 'Проверяйте СИЗ до начала работы, перемещайтесь по разрешённым маршрутам и следуйте локальному плану реагирования.', 'Безопасность', 7, 3, true),
  ('54000000-0000-4000-8000-000000000004', '20000000-0000-4000-8000-000000000001', 'К кому обратиться', 'Наставник, руководитель, HR и служба качества.', 'По адаптации обращайтесь к наставнику и HR, по процессу — к руководителю, по качеству и отклонениям — в службу контроля качества.', 'Контакты', 4, 4, true)
on conflict (id) do update set
  title = excluded.title,
  summary = excluded.summary,
  body = excluded.body,
  category = excluded.category,
  read_minutes = excluded.read_minutes,
  sort_order = excluded.sort_order,
  is_published = excluded.is_published;

-- Учебные классы ---------------------------------------------------------------
insert into public.learning_classes (
  id, company_id, title, slug, description, long_description, category,
  duration_minutes, reward, pass_threshold, max_attempts, cover_kind, sort_order, status
) values
  ('61000000-0000-4000-8000-000000000001', '20000000-0000-4000-8000-000000000001', 'GMP: чистота и качество', 'gmp-quality', 'Базовые правила работы на современном фармпроизводстве.', 'Курс знакомит с личной гигиеной, ведением записей, предотвращением контаминации и реакцией на отклонения.', 'Качество', 55, 150, 90, 3, 'quality', 1, 'active'),
  ('61000000-0000-4000-8000-000000000002', '20000000-0000-4000-8000-000000000001', 'Безопасность на производстве', 'production-safety', 'СИЗ, маршруты и действия при нештатной ситуации.', 'Практический курс о безопасной работе на производственной площадке.', 'Безопасность', 40, 100, 90, 3, 'safety', 2, 'active'),
  ('61000000-0000-4000-8000-000000000003', '20000000-0000-4000-8000-000000000001', 'Продукты Бионит: базовый курс', 'bionit-products', 'Назначение ключевых групп ветеринарных препаратов.', 'Обзор продуктовых направлений Бионит и правил корректной коммуникации.', 'Продукты', 75, 120, 90, 3, 'product', 3, 'active'),
  ('61000000-0000-4000-8000-000000000004', '20000000-0000-4000-8000-000000000001', 'Наставничество без формальностей', 'mentorship', 'Как поддерживать новичка и давать развивающую обратную связь.', 'Курс для наставников и руководителей о постановке задач и поддержке новичка.', 'Лидерство', 45, 180, 90, 3, 'leadership', 4, 'active')
on conflict (id) do update set
  title = excluded.title,
  slug = excluded.slug,
  description = excluded.description,
  long_description = excluded.long_description,
  category = excluded.category,
  duration_minutes = excluded.duration_minutes,
  reward = excluded.reward,
  pass_threshold = excluded.pass_threshold,
  max_attempts = excluded.max_attempts,
  cover_kind = excluded.cover_kind,
  sort_order = excluded.sort_order,
  status = excluded.status;

insert into public.learning_modules (id, class_id, title, content, duration_minutes, sort_order) values
  ('62000000-0000-4000-8000-000000000001', '61000000-0000-4000-8000-000000000001', 'Что такое GMP', 'GMP обеспечивает воспроизводимое качество препарата на каждом этапе производства.', 12, 1),
  ('62000000-0000-4000-8000-000000000002', '61000000-0000-4000-8000-000000000001', 'Чистые зоны и гигиена', 'Соблюдайте порядок переодевания, обработку рук и правила перемещения материалов.', 14, 2),
  ('62000000-0000-4000-8000-000000000003', '61000000-0000-4000-8000-000000000001', 'Записи и отклонения', 'Записывайте действия сразу; при отклонении остановите процесс и сообщите ответственному.', 29, 3),
  ('62000000-0000-4000-8000-000000000004', '61000000-0000-4000-8000-000000000002', 'Средства индивидуальной защиты', 'Перед работой проверьте целостность и соответствие СИЗ зоне.', 12, 1),
  ('62000000-0000-4000-8000-000000000005', '61000000-0000-4000-8000-000000000002', 'Маршруты и зоны доступа', 'Перемещайтесь только по разрешённым маршрутам и следуйте маркировке.', 13, 2),
  ('62000000-0000-4000-8000-000000000006', '61000000-0000-4000-8000-000000000002', 'Нештатная ситуация', 'Остановите работу безопасным способом и действуйте по локальному плану.', 15, 3),
  ('62000000-0000-4000-8000-000000000007', '61000000-0000-4000-8000-000000000003', 'Продуктовые направления', 'Компания выпускает препараты для разных видов животных и задач.', 15, 1),
  ('62000000-0000-4000-8000-000000000008', '61000000-0000-4000-8000-000000000003', 'Инструкция — главный источник', 'Назначение и ограничения всегда сверяются с актуальной инструкцией.', 15, 2),
  ('62000000-0000-4000-8000-000000000009', '61000000-0000-4000-8000-000000000003', 'Качество и прослеживаемость', 'Каждая серия проходит контроль и имеет комплект записей.', 15, 3),
  ('62000000-0000-4000-8000-000000000010', '61000000-0000-4000-8000-000000000003', 'Коммуникация с клиентом', 'Используйте подтверждённые сведения, медицинские вопросы передавайте специалисту.', 30, 4),
  ('62000000-0000-4000-8000-000000000011', '61000000-0000-4000-8000-000000000004', 'Контракт на адаптацию', 'Договоритесь о целях, ритме встреч и каналах вопросов.', 10, 1),
  ('62000000-0000-4000-8000-000000000012', '61000000-0000-4000-8000-000000000004', 'Понятные задачи', 'Задача содержит результат, срок, критерии и ресурсы.', 12, 2),
  ('62000000-0000-4000-8000-000000000013', '61000000-0000-4000-8000-000000000004', 'Обратная связь и итоги', 'Обсуждайте наблюдаемое поведение, последствия и следующий шаг.', 23, 3)
on conflict (id) do update set
  title = excluded.title,
  content = excluded.content,
  duration_minutes = excluded.duration_minutes,
  sort_order = excluded.sort_order;

insert into public.learning_questions (id, class_id, prompt, sort_order) values
  ('63000000-0000-4000-8000-000000000001', '61000000-0000-4000-8000-000000000001', 'Когда нужно вносить запись о выполненной операции?', 1),
  ('63000000-0000-4000-8000-000000000002', '61000000-0000-4000-8000-000000000001', 'Что делать при обнаружении отклонения?', 2),
  ('63000000-0000-4000-8000-000000000003', '61000000-0000-4000-8000-000000000001', 'Зачем нужна прослеживаемость?', 3),
  ('63000000-0000-4000-8000-000000000004', '61000000-0000-4000-8000-000000000002', 'Что сделать с повреждённым СИЗ?', 1),
  ('63000000-0000-4000-8000-000000000005', '61000000-0000-4000-8000-000000000002', 'Как перемещаться по площадке?', 2),
  ('63000000-0000-4000-8000-000000000006', '61000000-0000-4000-8000-000000000002', 'Первое действие при нештатной ситуации?', 3),
  ('63000000-0000-4000-8000-000000000007', '61000000-0000-4000-8000-000000000003', 'Где проверять способ применения препарата?', 1),
  ('63000000-0000-4000-8000-000000000008', '61000000-0000-4000-8000-000000000003', 'Что делать с вопросом вне вашей компетенции?', 2),
  ('63000000-0000-4000-8000-000000000009', '61000000-0000-4000-8000-000000000003', 'Что обеспечивает прослеживаемость серии?', 3),
  ('63000000-0000-4000-8000-000000000010', '61000000-0000-4000-8000-000000000004', 'Что есть в хорошо поставленной задаче?', 1),
  ('63000000-0000-4000-8000-000000000011', '61000000-0000-4000-8000-000000000004', 'На чём строится развивающая обратная связь?', 2),
  ('63000000-0000-4000-8000-000000000012', '61000000-0000-4000-8000-000000000004', 'Что согласовать в начале адаптации?', 3)
on conflict (id) do update set prompt = excluded.prompt, sort_order = excluded.sort_order;

insert into public.learning_options (id, question_id, label, is_correct, sort_order) values
  ('64000000-0000-4000-8000-000000000001', '63000000-0000-4000-8000-000000000001', 'В конце недели', false, 1),
  ('64000000-0000-4000-8000-000000000002', '63000000-0000-4000-8000-000000000001', 'Сразу после операции', true, 2),
  ('64000000-0000-4000-8000-000000000003', '63000000-0000-4000-8000-000000000001', 'Только по просьбе', false, 3),
  ('64000000-0000-4000-8000-000000000004', '63000000-0000-4000-8000-000000000002', 'Продолжить и сообщить позже', false, 1),
  ('64000000-0000-4000-8000-000000000005', '63000000-0000-4000-8000-000000000002', 'Остановить процесс и сообщить', true, 2),
  ('64000000-0000-4000-8000-000000000006', '63000000-0000-4000-8000-000000000002', 'Исправить без записи', false, 3),
  ('64000000-0000-4000-8000-000000000007', '63000000-0000-4000-8000-000000000003', 'Для красивого отчёта', false, 1),
  ('64000000-0000-4000-8000-000000000008', '63000000-0000-4000-8000-000000000003', 'Чтобы восстановить историю серии', true, 2),
  ('64000000-0000-4000-8000-000000000009', '63000000-0000-4000-8000-000000000003', 'Только для склада', false, 3),
  ('64000000-0000-4000-8000-000000000010', '63000000-0000-4000-8000-000000000004', 'Использовать до конца смены', false, 1),
  ('64000000-0000-4000-8000-000000000011', '63000000-0000-4000-8000-000000000004', 'Заменить до начала работы', true, 2),
  ('64000000-0000-4000-8000-000000000012', '63000000-0000-4000-8000-000000000004', 'Передать коллеге', false, 3),
  ('64000000-0000-4000-8000-000000000013', '63000000-0000-4000-8000-000000000005', 'По кратчайшему пути', false, 1),
  ('64000000-0000-4000-8000-000000000014', '63000000-0000-4000-8000-000000000005', 'Только по разрешённым маршрутам', true, 2),
  ('64000000-0000-4000-8000-000000000015', '63000000-0000-4000-8000-000000000005', 'Маршрут не важен', false, 3),
  ('64000000-0000-4000-8000-000000000016', '63000000-0000-4000-8000-000000000006', 'Продолжить работу', false, 1),
  ('64000000-0000-4000-8000-000000000017', '63000000-0000-4000-8000-000000000006', 'Остановить работу и предупредить', true, 2),
  ('64000000-0000-4000-8000-000000000018', '63000000-0000-4000-8000-000000000006', 'Уйти без уведомления', false, 3),
  ('64000000-0000-4000-8000-000000000019', '63000000-0000-4000-8000-000000000007', 'В актуальной инструкции', true, 1),
  ('64000000-0000-4000-8000-000000000020', '63000000-0000-4000-8000-000000000007', 'По памяти', false, 2),
  ('64000000-0000-4000-8000-000000000021', '63000000-0000-4000-8000-000000000007', 'В рекламе конкурента', false, 3),
  ('64000000-0000-4000-8000-000000000022', '63000000-0000-4000-8000-000000000008', 'Предположить ответ', false, 1),
  ('64000000-0000-4000-8000-000000000023', '63000000-0000-4000-8000-000000000008', 'Передать профильному специалисту', true, 2),
  ('64000000-0000-4000-8000-000000000024', '63000000-0000-4000-8000-000000000008', 'Сослаться на слухи', false, 3),
  ('64000000-0000-4000-8000-000000000025', '63000000-0000-4000-8000-000000000009', 'Комплект записей по процессу', true, 1),
  ('64000000-0000-4000-8000-000000000026', '63000000-0000-4000-8000-000000000009', 'Только упаковка', false, 2),
  ('64000000-0000-4000-8000-000000000027', '63000000-0000-4000-8000-000000000009', 'Устное подтверждение', false, 3),
  ('64000000-0000-4000-8000-000000000028', '63000000-0000-4000-8000-000000000010', 'Только срок', false, 1),
  ('64000000-0000-4000-8000-000000000029', '63000000-0000-4000-8000-000000000010', 'Результат, срок, критерии и ресурсы', true, 2),
  ('64000000-0000-4000-8000-000000000030', '63000000-0000-4000-8000-000000000010', 'Общее пожелание', false, 3),
  ('64000000-0000-4000-8000-000000000031', '63000000-0000-4000-8000-000000000011', 'На ярлыках о личности', false, 1),
  ('64000000-0000-4000-8000-000000000032', '63000000-0000-4000-8000-000000000011', 'На наблюдаемом поведении и следующем шаге', true, 2),
  ('64000000-0000-4000-8000-000000000033', '63000000-0000-4000-8000-000000000011', 'На сравнении с коллегами', false, 3),
  ('64000000-0000-4000-8000-000000000034', '63000000-0000-4000-8000-000000000012', 'Цели, ритм встреч и каналы вопросов', true, 1),
  ('64000000-0000-4000-8000-000000000035', '63000000-0000-4000-8000-000000000012', 'Только дату финала', false, 2),
  ('64000000-0000-4000-8000-000000000036', '63000000-0000-4000-8000-000000000012', 'Ничего, новичок разберётся сам', false, 3)
on conflict (id) do update set
  label = excluded.label,
  is_correct = excluded.is_correct,
  sort_order = excluded.sort_order;

-- Бейджи и достижения ----------------------------------------------------------
insert into public.badges (
  id, company_id, code, title, description, kind, reward, target_value, sort_order, status
) values
  ('81000000-0000-4000-8000-000000000001', '20000000-0000-4000-8000-000000000001', 'FIRST_STEP', 'Первый шаг', 'Завершить первые три задания онбординга.', 'first-step', 100, 3, 1, 'active'),
  ('81000000-0000-4000-8000-000000000002', '20000000-0000-4000-8000-000000000001', 'GMP_EXPERT', 'Знаток GMP', 'Сдать курс по GMP с результатом не ниже 90%.', 'gmp', 150, 1, 2, 'active'),
  ('81000000-0000-4000-8000-000000000003', '20000000-0000-4000-8000-000000000001', 'TEAM_PLAYER', 'Командный игрок', 'Принять участие в трёх командных активностях.', 'team', 120, 3, 3, 'active'),
  ('81000000-0000-4000-8000-000000000004', '20000000-0000-4000-8000-000000000001', 'MENTOR', 'Наставник', 'Успешно провести сотрудника через онбординг.', 'mentor', 250, 1, 4, 'active'),
  ('81000000-0000-4000-8000-000000000005', '20000000-0000-4000-8000-000000000001', 'BIONIT_35', 'Бионит 35', 'Участник юбилейной программы компании.', 'anniversary', 350, 1, 5, 'active'),
  ('81000000-0000-4000-8000-000000000006', '20000000-0000-4000-8000-000000000001', 'SAFETY_FIRST', 'Безопасность прежде всего', 'Завершить курс по охране труда.', 'safety', 100, 1, 6, 'active'),
  ('81000000-0000-4000-8000-000000000007', '20000000-0000-4000-8000-000000000001', 'SEVEN_DAYS', 'Серия 7 дней', 'Заходить в приложение семь дней подряд.', 'streak', 70, 7, 7, 'active'),
  ('81000000-0000-4000-8000-000000000008', '20000000-0000-4000-8000-000000000001', 'MONTH_LEADER', 'Лидер месяца', 'Занять первое место в ежемесячном рейтинге.', 'leader', 500, 1, 8, 'active')
on conflict (id) do update set
  title = excluded.title,
  description = excluded.description,
  kind = excluded.kind,
  reward = excluded.reward,
  target_value = excluded.target_value,
  sort_order = excluded.sort_order,
  status = excluded.status;

insert into public.achievement_stories (
  id, company_id, year, title, description, accent, metric, sort_order, is_published
) values
  ('82000000-0000-4000-8000-000000000001', '20000000-0000-4000-8000-000000000001', 1991, 'Начало пути', 'Команда Бионит начинает развивать ветеринарное фармацевтическое направление.', 'red', '1 команда', 1, true),
  ('82000000-0000-4000-8000-000000000002', '20000000-0000-4000-8000-000000000001', 2000, 'Собственное производство', 'Запускаются новые производственные процессы и система контроля качества.', 'light', 'Новый этап', 2, true),
  ('82000000-0000-4000-8000-000000000003', '20000000-0000-4000-8000-000000000001', 2012, 'Расширение продуктовой линейки', 'Компания укрепляет экспертизу и выводит новые решения для здоровья животных.', 'dark', 'Больше решений', 3, true),
  ('82000000-0000-4000-8000-000000000004', '20000000-0000-4000-8000-000000000001', 2021, 'Современное производство', 'Процессы обновляются с фокусом на качество и развитие сотрудников.', 'light', 'Качество', 4, true),
  ('82000000-0000-4000-8000-000000000005', '20000000-0000-4000-8000-000000000001', 2026, '35 лет в деле', 'Опыт, научный подход и энергия команды объединяются в новой системе развития.', 'red', '35 лет', 5, true)
on conflict (id) do update set
  year = excluded.year,
  title = excluded.title,
  description = excluded.description,
  accent = excluded.accent,
  metric = excluded.metric,
  sort_order = excluded.sort_order,
  is_published = excluded.is_published;

-- Магазин ---------------------------------------------------------------------
insert into public.shop_products (
  id, company_id, title, description, price, stock, kind, featured, sort_order, status
) values
  ('91000000-0000-4000-8000-000000000001', '20000000-0000-4000-8000-000000000001', 'Поло Бионит', 'Красное или белое поло с вышитым логотипом.', 900, 0, 'polo', true, 1, 'active'),
  ('91000000-0000-4000-8000-000000000002', '20000000-0000-4000-8000-000000000001', 'Свитшот «В деле»', 'Тёплый фирменный свитшот для команды.', 1200, 0, 'sweatshirt', true, 2, 'active'),
  ('91000000-0000-4000-8000-000000000003', '20000000-0000-4000-8000-000000000001', 'Термос', 'Стальной термос с монохромным логотипом.', 650, 24, 'thermos', false, 3, 'active'),
  ('91000000-0000-4000-8000-000000000004', '20000000-0000-4000-8000-000000000001', 'Сумка «Несём здоровье»', 'Хлопковая сумка с фирменным паттерном.', 420, 32, 'tote', false, 4, 'active'),
  ('91000000-0000-4000-8000-000000000005', '20000000-0000-4000-8000-000000000001', 'Блокнот', 'Красный блокнот с капсульным паттерном.', 280, 40, 'notebook', false, 5, 'active'),
  ('91000000-0000-4000-8000-000000000006', '20000000-0000-4000-8000-000000000001', 'Набор пинов', 'Три фирменных пина для бейджа или сумки.', 100, 49, 'pins', false, 6, 'active')
on conflict (id) do update set
  title = excluded.title,
  description = excluded.description,
  price = excluded.price,
  stock = excluded.stock,
  kind = excluded.kind,
  featured = excluded.featured,
  sort_order = excluded.sort_order,
  status = excluded.status;

insert into public.shop_product_variants (id, product_id, title, stock, sort_order) values
  ('92000000-0000-4000-8000-000000000001', '91000000-0000-4000-8000-000000000001', 'Красное · S', 6, 1),
  ('92000000-0000-4000-8000-000000000002', '91000000-0000-4000-8000-000000000001', 'Красное · M', 8, 2),
  ('92000000-0000-4000-8000-000000000003', '91000000-0000-4000-8000-000000000001', 'Красное · L', 7, 3),
  ('92000000-0000-4000-8000-000000000004', '91000000-0000-4000-8000-000000000001', 'Белое · M', 5, 4),
  ('92000000-0000-4000-8000-000000000005', '91000000-0000-4000-8000-000000000002', 'Графит · M', 5, 1),
  ('92000000-0000-4000-8000-000000000006', '91000000-0000-4000-8000-000000000002', 'Графит · L', 6, 2),
  ('92000000-0000-4000-8000-000000000007', '91000000-0000-4000-8000-000000000002', 'Красный · M', 4, 3),
  ('92000000-0000-4000-8000-000000000008', '91000000-0000-4000-8000-000000000002', 'Красный · L', 4, 4)
on conflict (id) do update set title = excluded.title, stock = excluded.stock, sort_order = excluded.sort_order;

-- Три профиля. auth_user_id заполняет триггер после `npm run seed:auth`. --------
insert into public.profiles (
  id, auth_user_id, company_id, department_id, employee_number, phone,
  first_name, last_name, position, role, status, hired_at
) values
  ('10000000-0000-4000-8000-000000000002', null, '20000000-0000-4000-8000-000000000001', '21000000-0000-4000-8000-000000000002', '1002', '+79001234568', 'Михаил', 'Орлов', 'Начальник отдела контроля качества', 'manager', 'active', '2019-03-11'),
  ('10000000-0000-4000-8000-000000000003', null, '20000000-0000-4000-8000-000000000001', '21000000-0000-4000-8000-000000000003', '9001', '+79001234569', 'Елена', 'Соколова', 'HR-директор', 'admin', 'active', '2016-09-01'),
  ('10000000-0000-4000-8000-000000000001', null, '20000000-0000-4000-8000-000000000001', '21000000-0000-4000-8000-000000000001', '1001', '+79001234567', 'Анна', 'Крылова', 'Инженер-технолог', 'employee', 'active', '2026-06-15')
on conflict (id) do update set
  company_id = excluded.company_id,
  department_id = excluded.department_id,
  employee_number = excluded.employee_number,
  phone = excluded.phone,
  first_name = excluded.first_name,
  last_name = excluded.last_name,
  position = excluded.position,
  role = excluded.role,
  status = excluded.status,
  hired_at = excluded.hired_at;

-- Гарантируем bootstrap при повторном запуске seed.
insert into public.wallets(profile_id, balance)
select p.id, 0 from public.profiles p
where p.company_id = '20000000-0000-4000-8000-000000000001'
on conflict (profile_id) do nothing;

insert into public.learning_enrollments(profile_id, class_id)
select p.id, lc.id
from public.profiles p
cross join public.learning_classes lc
where p.company_id = '20000000-0000-4000-8000-000000000001'
  and lc.company_id = p.company_id
  and lc.status = 'active'
on conflict (profile_id, class_id) do nothing;

insert into public.profile_badge_progress(profile_id, badge_id, current_value)
select p.id, b.id, 0
from public.profiles p
cross join public.badges b
where p.company_id = '20000000-0000-4000-8000-000000000001'
  and b.company_id = p.company_id
  and b.status = 'active'
on conflict (profile_id, badge_id) do nothing;

insert into public.onboarding_assignments(
  profile_id, template_id, mentor_id, start_date, due_date, status
)
select
  p.id,
  '51000000-0000-4000-8000-000000000001',
  case when p.id = '10000000-0000-4000-8000-000000000001'
    then '10000000-0000-4000-8000-000000000002'::uuid
    else '10000000-0000-4000-8000-000000000003'::uuid
  end,
  p.hired_at,
  p.hired_at + 46,
  case when p.id = '10000000-0000-4000-8000-000000000001'
    then 'in_progress'::public.progress_status
    else 'completed'::public.progress_status
  end
from public.profiles p
where p.company_id = '20000000-0000-4000-8000-000000000001'
on conflict (profile_id, template_id, start_date) do update set
  mentor_id = excluded.mentor_id,
  due_date = excluded.due_date;

insert into public.onboarding_task_progress(assignment_id, task_id, status, due_date)
select oa.id, t.id,
  case when oa.profile_id = '10000000-0000-4000-8000-000000000001'
    then 'not_started'::public.progress_status
    else 'completed'::public.progress_status
  end,
  oa.start_date + t.due_offset_days
from public.onboarding_assignments oa
join public.onboarding_stages s on s.template_id = oa.template_id
join public.onboarding_tasks t on t.stage_id = s.id
where oa.template_id = '51000000-0000-4000-8000-000000000001'
on conflict (assignment_id, task_id) do nothing;

-- Анна: 6 из 9 задач выполнены.
with ranked as (
  select tp.id, row_number() over (order by s.sort_order, t.sort_order) as task_no
  from public.onboarding_task_progress tp
  join public.onboarding_assignments oa on oa.id = tp.assignment_id
  join public.onboarding_tasks t on t.id = tp.task_id
  join public.onboarding_stages s on s.id = t.stage_id
  where oa.profile_id = '10000000-0000-4000-8000-000000000001'
)
update public.onboarding_task_progress tp
set status = case
      when r.task_no <= 6 then 'completed'::public.progress_status
      when r.task_no = 7 then 'in_progress'::public.progress_status
      else 'not_started'::public.progress_status
    end,
    completed_at = case when r.task_no <= 6 then now() - make_interval(days => (7 - r.task_no)::integer) else null end
from ranked r
where tp.id = r.id;

update public.onboarding_assignments
set mentor_id = '10000000-0000-4000-8000-000000000002',
    start_date = '2026-06-15', due_date = '2026-07-31', status = 'in_progress', completed_at = null
where profile_id = '10000000-0000-4000-8000-000000000001';

insert into public.onboarding_questions (
  id, assignment_id, author_id, question, answer, status, answered_by, created_at, answered_at
)
select
  '55000000-0000-4000-8000-000000000001', oa.id,
  '10000000-0000-4000-8000-000000000001',
  'Где посмотреть актуальную схему маршрутов по производству?',
  'Схема размещена у входа в производственный блок и в статье «Безопасность на площадке».',
  'answered',
  '10000000-0000-4000-8000-000000000002',
  now() - interval '5 days', now() - interval '4 days'
from public.onboarding_assignments oa
where oa.profile_id = '10000000-0000-4000-8000-000000000001'
on conflict (id) do update set answer = excluded.answer, status = excluded.status, answered_at = excluded.answered_at;

-- Прогресс обучения.
update public.learning_enrollments set
  status = 'passed', progress_percent = 100, best_score = 100, attempts_used = 1,
  started_at = now() - interval '18 days', completed_at = now() - interval '10 days'
where profile_id = '10000000-0000-4000-8000-000000000001'
  and class_id = '61000000-0000-4000-8000-000000000001';
update public.learning_enrollments set
  status = 'in_progress', progress_percent = 70, started_at = now() - interval '6 days'
where profile_id = '10000000-0000-4000-8000-000000000001'
  and class_id = '61000000-0000-4000-8000-000000000002';
update public.learning_enrollments set
  status = 'in_progress', progress_percent = 20, started_at = now() - interval '3 days'
where profile_id = '10000000-0000-4000-8000-000000000001'
  and class_id = '61000000-0000-4000-8000-000000000003';
update public.learning_enrollments set
  status = 'passed', progress_percent = 100, best_score = 100, attempts_used = 1,
  started_at = now() - interval '25 days', completed_at = now() - interval '20 days'
where profile_id in ('10000000-0000-4000-8000-000000000002', '10000000-0000-4000-8000-000000000003')
  and class_id in ('61000000-0000-4000-8000-000000000001', '61000000-0000-4000-8000-000000000002');

insert into public.learning_module_progress(profile_id, module_id, completed_at) values
  ('10000000-0000-4000-8000-000000000001', '62000000-0000-4000-8000-000000000001', now() - interval '15 days'),
  ('10000000-0000-4000-8000-000000000001', '62000000-0000-4000-8000-000000000002', now() - interval '14 days'),
  ('10000000-0000-4000-8000-000000000001', '62000000-0000-4000-8000-000000000003', now() - interval '11 days'),
  ('10000000-0000-4000-8000-000000000001', '62000000-0000-4000-8000-000000000004', now() - interval '5 days'),
  ('10000000-0000-4000-8000-000000000001', '62000000-0000-4000-8000-000000000005', now() - interval '4 days'),
  ('10000000-0000-4000-8000-000000000001', '62000000-0000-4000-8000-000000000007', now() - interval '2 days')
on conflict (profile_id, module_id) do nothing;

-- Бейджи.
insert into public.profile_badges(badge_id, profile_id, earned_at, reward_granted) values
  ('81000000-0000-4000-8000-000000000001', '10000000-0000-4000-8000-000000000001', now() - interval '32 days', true),
  ('81000000-0000-4000-8000-000000000002', '10000000-0000-4000-8000-000000000001', now() - interval '10 days', true),
  ('81000000-0000-4000-8000-000000000005', '10000000-0000-4000-8000-000000000001', now() - interval '8 days', true),
  ('81000000-0000-4000-8000-000000000007', '10000000-0000-4000-8000-000000000001', now() - interval '3 days', true),
  ('81000000-0000-4000-8000-000000000002', '10000000-0000-4000-8000-000000000002', now() - interval '90 days', true),
  ('81000000-0000-4000-8000-000000000004', '10000000-0000-4000-8000-000000000002', now() - interval '20 days', true),
  ('81000000-0000-4000-8000-000000000005', '10000000-0000-4000-8000-000000000002', now() - interval '8 days', true),
  ('81000000-0000-4000-8000-000000000006', '10000000-0000-4000-8000-000000000002', now() - interval '15 days', true),
  ('81000000-0000-4000-8000-000000000002', '10000000-0000-4000-8000-000000000003', now() - interval '120 days', true),
  ('81000000-0000-4000-8000-000000000004', '10000000-0000-4000-8000-000000000003', now() - interval '60 days', true),
  ('81000000-0000-4000-8000-000000000005', '10000000-0000-4000-8000-000000000003', now() - interval '8 days', true),
  ('81000000-0000-4000-8000-000000000006', '10000000-0000-4000-8000-000000000003', now() - interval '30 days', true),
  ('81000000-0000-4000-8000-000000000007', '10000000-0000-4000-8000-000000000003', now() - interval '6 days', true)
on conflict (badge_id, profile_id) do update set earned_at = excluded.earned_at, reward_granted = excluded.reward_granted;

update public.profile_badge_progress pp
set current_value = case b.code
  when 'FIRST_STEP' then 3
  when 'GMP_EXPERT' then 1
  when 'TEAM_PLAYER' then 2
  when 'BIONIT_35' then 1
  when 'SEVEN_DAYS' then 7
  else pp.current_value
end
from public.badges b
where pp.badge_id = b.id and pp.profile_id = '10000000-0000-4000-8000-000000000001';

-- Балансы и рейтинг.
delete from public.bionic_transactions
where profile_id in (
  '10000000-0000-4000-8000-000000000001',
  '10000000-0000-4000-8000-000000000002',
  '10000000-0000-4000-8000-000000000003'
);

insert into public.bionic_transactions (
  id, profile_id, amount, reason_code, description, source_type, source_id, created_at
) values
  ('30000000-0000-4000-8000-000000000001', '10000000-0000-4000-8000-000000000001', 1000, 'welcome', 'Стартовый баланс', 'seed', '31000000-0000-4000-8000-000000000001', now() - interval '35 days'),
  ('30000000-0000-4000-8000-000000000002', '10000000-0000-4000-8000-000000000001', 220, 'onboarding', 'Задания онбординга', 'seed', '31000000-0000-4000-8000-000000000002', now() - interval '15 days'),
  ('30000000-0000-4000-8000-000000000003', '10000000-0000-4000-8000-000000000001', 150, 'learning_pass', 'Курс GMP', 'seed', '31000000-0000-4000-8000-000000000003', now() - interval '6 days'),
  ('30000000-0000-4000-8000-000000000004', '10000000-0000-4000-8000-000000000001', 350, 'anniversary', 'Юбилейная программа', 'seed', '31000000-0000-4000-8000-000000000004', now() - interval '10 days'),
  ('30000000-0000-4000-8000-000000000005', '10000000-0000-4000-8000-000000000001', 70, 'streak', 'Серия семь дней', 'seed', '31000000-0000-4000-8000-000000000005', now() - interval '3 days'),
  ('30000000-0000-4000-8000-000000000006', '10000000-0000-4000-8000-000000000001', 150, 'quality_idea', 'Идея по улучшению', 'seed', '31000000-0000-4000-8000-000000000006', now() - interval '1 day'),
  ('30000000-0000-4000-8000-000000000007', '10000000-0000-4000-8000-000000000001', -100, 'shop_order', 'Заказ: Набор пинов', 'shop_order', '93000000-0000-4000-8000-000000000001', now() - interval '1 day'),
  ('30000000-0000-4000-8000-000000000008', '10000000-0000-4000-8000-000000000002', 2500, 'historical', 'Накопленный баланс', 'seed', '31000000-0000-4000-8000-000000000008', now() - interval '40 days'),
  ('30000000-0000-4000-8000-000000000009', '10000000-0000-4000-8000-000000000002', 400, 'mentoring', 'Наставничество', 'seed', '31000000-0000-4000-8000-000000000009', now() - interval '12 days'),
  ('30000000-0000-4000-8000-000000000010', '10000000-0000-4000-8000-000000000002', 380, 'quality', 'Результат месяца', 'seed', '31000000-0000-4000-8000-000000000010', now() - interval '2 days'),
  ('30000000-0000-4000-8000-000000000011', '10000000-0000-4000-8000-000000000003', 3200, 'historical', 'Накопленный баланс', 'seed', '31000000-0000-4000-8000-000000000011', now() - interval '45 days'),
  ('30000000-0000-4000-8000-000000000012', '10000000-0000-4000-8000-000000000003', 500, 'leadership', 'Программа развития', 'seed', '31000000-0000-4000-8000-000000000012', now() - interval '9 days'),
  ('30000000-0000-4000-8000-000000000013', '10000000-0000-4000-8000-000000000003', 420, 'hr_project', 'HR-проект месяца', 'seed', '31000000-0000-4000-8000-000000000013', now() - interval '4 days');

update public.wallets w
set balance = x.balance
from (
  select profile_id, sum(amount)::integer as balance
  from public.bionic_transactions
  where profile_id in (
    '10000000-0000-4000-8000-000000000001',
    '10000000-0000-4000-8000-000000000002',
    '10000000-0000-4000-8000-000000000003'
  )
  group by profile_id
) x
where w.profile_id = x.profile_id;

-- Один заказ для истории и админ-панели.
insert into public.shop_orders (
  id, order_number, profile_id, total, status, created_at, updated_at
) values (
  '93000000-0000-4000-8000-000000000001', 'BD-2026-01001',
  '10000000-0000-4000-8000-000000000001', 100, 'approved',
  now() - interval '1 day', now() - interval '12 hours'
)
on conflict (id) do update set
  order_number = excluded.order_number,
  total = excluded.total,
  status = excluded.status,
  updated_at = excluded.updated_at;

insert into public.shop_order_items (
  id, order_id, product_id, variant_id, product_title, variant_title, quantity, unit_price
) values (
  '94000000-0000-4000-8000-000000000001',
  '93000000-0000-4000-8000-000000000001',
  '91000000-0000-4000-8000-000000000006', null,
  'Набор пинов', null, 1, 100
)
on conflict (id) do update set
  product_title = excluded.product_title,
  quantity = excluded.quantity,
  unit_price = excluded.unit_price;

select setval('public.shop_order_number_seq', 1001, true);

commit;
